{
  "scenario": "scenario_5_explanation_quality",
  "display_name": "Scenario 5 \u2014 Explanation quality on accepted instances",
  "paper_contribution": "C4",
  "paper_rq": "RQ5",
  "guarantee_status": "empirical",
  "quick": true,
  "regime_thresholds": {
    "low_max": 0.15,
    "high_min": 0.4
  },
  "regime_summary": {
    "low": {
      "n": 1,
      "mean_accuracy_delta": -0.0006265664160400863,
      "mean_ece_delta": 0.005283148347058175,
      "mean_reject_rate": 0.017543859649122806
    },
    "moderate": {
      "n": 1,
      "mean_accuracy_delta": 0.033333333333333326,
      "mean_ece_delta": 0.0022613027939449304,
      "mean_reject_rate": 0.16666666666666666
    },
    "high": {
      "n": 3,
      "mean_accuracy_delta": 0.20673512533977656,
      "mean_ece_delta": -0.016209138594082476,
      "mean_reject_rate": 0.906926406926407
    }
  },
  "highlights": [
    "Explanation quality is evaluated only empirically; no conformal claim is attached.",
    "Regime boundaries: low (<=15%), moderate (15%\u201340%), high (>40%) reject rate.",
    "Paper finding: accuracy_delta is most reliable in the low regime.",
    "mean_feature_weight_variance is not included \u2014 it is not a paper metric."
  ],
  "outcome": {
    "datasets": 5,
    "mean_accuracy_delta": 0.07981396408568993,
    "mean_ece_delta": -0.0028882291510264565,
    "regime_summary": {
      "low": {
        "n": 1,
        "mean_accuracy_delta": -0.0006265664160400863,
        "mean_ece_delta": 0.005283148347058175,
        "mean_reject_rate": 0.017543859649122806
      },
      "moderate": {
        "n": 1,
        "mean_accuracy_delta": 0.033333333333333326,
        "mean_ece_delta": 0.0022613027939449304,
        "mean_reject_rate": 0.16666666666666666
      },
      "high": {
        "n": 3,
        "mean_accuracy_delta": 0.20673512533977656,
        "mean_ece_delta": -0.016209138594082476,
        "mean_reject_rate": 0.906926406926407
      }
    }
  }
}
