dataset,task_type,n_test,confidence,reject_rate,regime,baseline_accuracy,accepted_accuracy,accuracy_delta,baseline_ece,accepted_ece,ece_delta
breast_cancer,binary,114,0.95,0.017543859649122806,low,0.9649122807017544,0.9642857142857143,-0.0006265664160400863,0.19581035923141193,0.19052721088435376,0.005283148347058175
colic,binary,72,0.95,0.16666666666666666,moderate,0.8333333333333334,0.8666666666666667,0.033333333333333326,0.28208964417660354,0.2798283413826586,0.0022613027939449304
diabetes,binary,154,0.95,0.7207792207792207,high,0.7467532467532467,0.9534883720930233,0.20673512533977656,0.11105907081381601,0.12726820940789849,-0.016209138594082476
balance,multiclass,125,0.95,1.0,high,0.864,,,0.06244646303587477,,
iris,multiclass,30,0.95,1.0,high,0.9333333333333333,,,0.06166666666666662,,
