{
  "scenario": "scenario_5_explanation_quality",
  "display_name": "Scenario 5 \u2014 Explanation quality on accepted instances",
  "paper_contribution": "C4",
  "paper_rq": "RQ5",
  "guarantee_status": "empirical",
  "quick": false,
  "regime_thresholds": {
    "low_max": 0.15,
    "high_min": 0.4
  },
  "regime_summary": {
    "low": {
      "n": 12,
      "mean_accuracy_delta": 0.021164084270489786,
      "mean_ece_delta": -0.005245520481660015,
      "mean_reject_rate": 0.05843210797399068
    },
    "moderate": {
      "n": 9,
      "mean_accuracy_delta": 0.061159300207046456,
      "mean_ece_delta": -0.02685838297914815,
      "mean_reject_rate": 0.27568393232999416
    },
    "high": {
      "n": 25,
      "mean_accuracy_delta": 0.14361366739484643,
      "mean_ece_delta": -0.10028716516834928,
      "mean_reject_rate": 0.6550079657533209
    }
  },
  "highlights": [
    "Explanation quality is evaluated only empirically; no conformal claim is attached.",
    "Regime boundaries: low (<=15%), moderate (15%\u201340%), high (>40%) reject rate.",
    "Paper finding: accuracy_delta is most reliable in the low regime.",
    "mean_feature_weight_variance is not included \u2014 it is not a paper metric."
  ],
  "outcome": {
    "datasets": 46,
    "mean_accuracy_delta": 0.0933526605270628,
    "mean_ece_delta": -0.0593471929878247,
    "regime_summary": {
      "low": {
        "n": 12,
        "mean_accuracy_delta": 0.021164084270489786,
        "mean_ece_delta": -0.005245520481660015,
        "mean_reject_rate": 0.05843210797399068
      },
      "moderate": {
        "n": 9,
        "mean_accuracy_delta": 0.061159300207046456,
        "mean_ece_delta": -0.02685838297914815,
        "mean_reject_rate": 0.27568393232999416
      },
      "high": {
        "n": 25,
        "mean_accuracy_delta": 0.14361366739484643,
        "mean_ece_delta": -0.10028716516834928,
        "mean_reject_rate": 0.6550079657533209
      }
    }
  }
}
