dataset,epsilon,n_cal,n_test,coverage,lower_ci,upper_ci,violation,structural_violation,reject_rate,accepted_accuracy_empirical
breast_cancer,0.01,114,114,0.9736842105263158,0.9250181548996931,0.9945398216817498,True,False,0.06140350877192982,0.9719626168224299
breast_cancer,0.05,114,114,0.9473684210526315,0.8889598328915044,0.9804427961144583,True,False,0.017543859649122806,0.9642857142857143
breast_cancer,0.1,114,114,0.9122807017543859,0.8445942069299102,0.957130857969191,False,False,0.06140350877192982,0.9719626168224299
colic,0.01,72,72,1.0,0.9500559162941441,1.0,False,False,1.0,
colic,0.05,72,72,0.8888888888888888,0.7927531293329052,0.9507919607293592,True,False,0.16666666666666666,0.8666666666666667
colic,0.1,72,72,0.8194444444444444,0.7110565915970717,0.9002064918471039,True,False,0.013888888888888888,0.8450704225352113
diabetes,0.01,154,154,0.9935064935064936,0.9643529687093081,0.9998356121621912,False,False,0.9025974025974026,0.9333333333333333
diabetes,0.05,154,154,0.987012987012987,0.9538755490443982,0.9984233246043949,False,False,0.7207792207792207,0.9534883720930233
diabetes,0.1,154,154,0.8961038961038961,0.8367657548531051,0.9394380347868699,True,False,0.3246753246753247,0.8461538461538461
