{"import_time_seconds": 0.012685400026384741, "map": {"sequential_s": 0.001859900017734617, "parallel_s": 0.0688926000148058}, "classification": {"explain_factual_time_s": 0.16438180004479364, "explore_alternatives_time_s": 0.21685809997143224}, "regression": {"explain_factual_time_s": 0.06692059995839372, "explore_alternatives_time_s": 0.10047330002998933}, "timestamp": "2025-12-09T13:58:29Z"}
