{
  "meta": {
    "timestamp": 1766128029.2908063,
    "platform": "nt",
    "cpu_count": 12
  },
  "classification_small": {
    "no_cache": {
      "init": 2.8166346549987793,
      "explain": 7.481227159500122,
      "total": 10.297861814498901
    },
    "with_cache": {
      "init": 0.02648138999938965,
      "explain": 7.972049951553345,
      "total": 7.998531341552734
    }
  },
  "classification_feature": {
    "no_cache": {
      "init": 0.06795430183410645,
      "explain": 41.47321891784668,
      "total": 41.541173219680786
    },
    "with_cache": {
      "init": 0.038645029067993164,
      "explain": 46.4484007358551,
      "total": 46.487045764923096
    }
  },
  "classification_instance": {
    "no_cache": {
      "init": 0.03251481056213379,
      "explain": 80.60632562637329,
      "total": 80.63884043693542
    },
    "with_cache": {
      "init": 0.024629831314086914,
      "explain": 59.959518909454346,
      "total": 59.98414874076843
    }
  },
  "regression_small": {
    "no_cache": {
      "init": 0.025855064392089844,
      "explain": 9.289549350738525,
      "total": 9.315404415130615
    },
    "with_cache": {
      "init": 0.024206876754760742,
      "explain": 10.47805118560791,
      "total": 10.502258062362671
    }
  },
  "regression_feature": {
    "no_cache": {
      "init": 0.028423309326171875,
      "explain": 56.80299377441406,
      "total": 56.831417083740234
    },
    "with_cache": {
      "init": 0.03693699836730957,
      "explain": 42.95565843582153,
      "total": 42.99259543418884
    }
  },
  "regression_instance": {
    "no_cache": {
      "init": 0.019255638122558594,
      "explain": 57.88989233970642,
      "total": 57.90914797782898
    },
    "with_cache": {
      "init": 0.016483783721923828,
      "explain": 55.01452898979187,
      "total": 55.031012773513794
    }
  }
}