{
  "meta": {
    "timestamp": 1768800690.6100268,
    "platform": "nt",
    "cpu_count": 12
  },
  "classification_small": {
    "without_filtering": {
      "init": 0.014824151992797852,
      "explain": 0.26459360122680664,
      "total": 0.2794177532196045
    },
    "with_filtering": {
      "init": 0.014757871627807617,
      "explain": 0.30625176429748535,
      "total": 0.32100963592529297
    }
  },
  "classification_medium": {
    "without_filtering": {
      "init": 0.00818324089050293,
      "explain": 2.909600019454956,
      "total": 2.917783260345459
    },
    "with_filtering": {
      "init": 0.021709680557250977,
      "explain": 1.476876974105835,
      "total": 1.498586654663086
    }
  },
  "classification_large": {
    "without_filtering": {
      "init": 0.030385971069335938,
      "explain": 37.11400032043457,
      "total": 37.144386291503906
    },
    "with_filtering": {
      "init": 0.012581348419189453,
      "explain": 15.68453073501587,
      "total": 15.697112083435059
    }
  },
  "regression_small": {
    "without_filtering": {
      "init": 0.008444786071777344,
      "explain": 0.38315558433532715,
      "total": 0.3916003704071045
    },
    "with_filtering": {
      "init": 0.013565301895141602,
      "explain": 0.3019065856933594,
      "total": 0.315471887588501
    }
  },
  "regression_medium": {
    "without_filtering": {
      "init": 0.009239912033081055,
      "explain": 3.02805757522583,
      "total": 3.037297487258911
    },
    "with_filtering": {
      "init": 0.007951498031616211,
      "explain": 2.281853437423706,
      "total": 2.2898049354553223
    }
  },
  "regression_large": {
    "without_filtering": {
      "init": 0.004220247268676758,
      "explain": 34.36931109428406,
      "total": 34.373531341552734
    },
    "with_filtering": {
      "init": 0.014551401138305664,
      "explain": 12.557944774627686,
      "total": 12.572496175765991
    }
  }
}
