{
  "meta": {
    "timestamp": 1766128083.018699,
    "platform": "nt",
    "cpu_count": 12
  },
  "classification_small": {
    "without_filtering": {
      "init": 0.04324650764465332,
      "explain": 0.5951929092407227,
      "total": 0.638439416885376
    },
    "with_filtering": {
      "init": 0.01641082763671875,
      "explain": 0.4356057643890381,
      "total": 0.45201659202575684
    }
  },
  "classification_medium": {
    "without_filtering": {
      "init": 0.01727294921875,
      "explain": 6.21255898475647,
      "total": 6.22983193397522
    },
    "with_filtering": {
      "init": 0.019162893295288086,
      "explain": 2.1934688091278076,
      "total": 2.2126317024230957
    }
  },
  "classification_large": {
    "without_filtering": {
      "init": 0.045783042907714844,
      "explain": 77.0346212387085,
      "total": 77.08040428161621
    },
    "with_filtering": {
      "init": 0.033387184143066406,
      "explain": 22.596274852752686,
      "total": 22.629662036895752
    }
  },
  "regression_small": {
    "without_filtering": {
      "init": 0.01651287078857422,
      "explain": 0.5809645652770996,
      "total": 0.5974774360656738
    },
    "with_filtering": {
      "init": 0.010029077529907227,
      "explain": 0.4830970764160156,
      "total": 0.49312615394592285
    }
  },
  "regression_medium": {
    "without_filtering": {
      "init": 0.016298294067382812,
      "explain": 7.414633750915527,
      "total": 7.43093204498291
    },
    "with_filtering": {
      "init": 0.015576362609863281,
      "explain": 1.7427561283111572,
      "total": 1.7583324909210205
    }
  },
  "regression_large": {
    "without_filtering": {
      "init": 0.018059730529785156,
      "explain": 53.91090989112854,
      "total": 53.928969621658325
    },
    "with_filtering": {
      "init": 0.03369331359863281,
      "explain": 20.584240436553955,
      "total": 20.617933750152588
    }
  }
}