{
  "meta": {
    "timestamp": 1766128074.0681016,
    "platform": "nt",
    "cpu_count": 12,
    "workers": 6,
    "physical_cores": 6,
    "logical_cores": 12
  },
  "classification_small": {
    "sequential": {
      "init": 1.9706389904022217,
      "explain": 11.433732509613037,
      "total": 13.404371500015259
    },
    "threads": {
      "init": 0.019353628158569336,
      "explain": 24.829633712768555,
      "total": 24.848987340927124
    },
    "processes": {
      "init": 0.01482534408569336,
      "explain": 17.964989185333252,
      "total": 17.979814529418945
    },
    "joblib": {
      "init": 0.01777958869934082,
      "explain": 18.673808097839355,
      "total": 18.691587686538696
    }
  },
  "classification_feature": {
    "sequential": {
      "init": 0.05339169502258301,
      "explain": 57.712793588638306,
      "total": 57.76618528366089
    },
    "threads": {
      "init": 0.019873619079589844,
      "explain": 103.24868392944336,
      "total": 103.26855754852295
    },
    "processes": {
      "init": 0.01314854621887207,
      "explain": 30.832839965820312,
      "total": 30.845988512039185
    },
    "joblib": {
      "init": 0.012277364730834961,
      "explain": 29.903281927108765,
      "total": 29.9155592918396
    }
  },
  "classification_instance": {
    "sequential": {
      "init": 0.018404722213745117,
      "explain": 35.97250294685364,
      "total": 35.99090766906738
    },
    "threads": {
      "init": 0.015936851501464844,
      "explain": 99.13271450996399,
      "total": 99.14865136146545
    },
    "processes": {
      "init": 0.011387348175048828,
      "explain": 30.231103658676147,
      "total": 30.242491006851196
    },
    "joblib": {
      "init": 0.013924598693847656,
      "explain": 28.973138570785522,
      "total": 28.98706316947937
    }
  },
  "regression_small": {
    "sequential": {
      "init": 0.013619184494018555,
      "explain": 7.392803192138672,
      "total": 7.40642237663269
    },
    "threads": {
      "init": 0.015587091445922852,
      "explain": 23.476375818252563,
      "total": 23.491962909698486
    },
    "processes": {
      "init": 0.012941598892211914,
      "explain": 11.254517316818237,
      "total": 11.26745891571045
    },
    "joblib": {
      "init": 0.018754959106445312,
      "explain": 15.04862904548645,
      "total": 15.067384004592896
    }
  },
  "regression_feature": {
    "sequential": {
      "init": 0.01246333122253418,
      "explain": 37.60220813751221,
      "total": 37.61467146873474
    },
    "threads": {
      "init": 0.010288476943969727,
      "explain": 107.28691792488098,
      "total": 107.29720640182495
    },
    "processes": {
      "init": 0.013542890548706055,
      "explain": 24.579009294509888,
      "total": 24.592552185058594
    },
    "joblib": {
      "init": 0.004675865173339844,
      "explain": 23.84883999824524,
      "total": 23.85351586341858
    }
  },
  "regression_instance": {
    "sequential": {
      "init": 0.007994651794433594,
      "explain": 31.205403804779053,
      "total": 31.213398456573486
    },
    "threads": {
      "init": 0.008042097091674805,
      "explain": 92.48378109931946,
      "total": 92.49182319641113
    },
    "processes": {
      "init": 0.008512258529663086,
      "explain": 28.376781702041626,
      "total": 28.38529396057129
    },
    "joblib": {
      "init": 0.011354207992553711,
      "explain": 30.321093559265137,
      "total": 30.33244776725769
    }
  }
}