{
  "meta": {
    "timestamp": 1765803163.9247687,
    "platform": "posix",
    "cpu_count": 12,
    "workers": 6,
    "physical_cores": 6,
    "logical_cores": 12
  },
  "classification_small": {
    "sequential": 0.8587980270385742,
    "threads:instance": 0.9525907039642334,
    "processes:instance": 0.8632376194000244,
    "joblib:instance": 0.9564540386199951
  },
  "classification_feature": {
    "sequential": 4.431158065795898,
    "threads:instance": 5.0963733196258545,
    "processes:instance": 4.325615882873535,
    "joblib:instance": 4.689345121383667
  },
  "classification_instance": {
    "sequential": 8.636322259902954,
    "threads:instance": 20.831153869628906,
    "processes:instance": 3.6380233764648438,
    "joblib:instance": 20.279661655426025
  },
  "regression_small": {
    "sequential": 0.9369604587554932,
    "threads:instance": 1.213426113128662,
    "processes:instance": 0.9550023078918457,
    "joblib:instance": 1.3348362445831299
  },
  "regression_feature": {
    "sequential": 4.75234580039978,
    "threads:instance": 4.8237268924713135,
    "processes:instance": 4.961409330368042,
    "joblib:instance": 6.108025312423706
  },
  "regression_instance": {
    "sequential": 12.592541456222534,
    "threads:instance": 24.314255714416504,
    "processes:instance": 6.486704587936401,
    "joblib:instance": 8.113684892654419
  }
}