{
  "meta": {
    "timestamp": 1766260869.5411012,
    "platform": "nt",
    "cpu_count": 12,
    "workers": 6,
    "physical_cores": 6,
    "logical_cores": 12
  },
  "classification_small": {
    "sequential": {
      "init": 0.01321268081665039,
      "explain": 7.774150848388672,
      "total": 7.787363529205322
    },
    "threads": {
      "init": 0.012588024139404297,
      "explain": 20.405380249023438,
      "total": 20.417968273162842
    },
    "processes": {
      "init": 0.013159513473510742,
      "explain": 10.846288919448853,
      "total": 10.859448432922363
    },
    "joblib": {
      "init": 0.01911020278930664,
      "explain": 10.726684331893921,
      "total": 10.745794534683228
    }
  },
  "classification_feature": {
    "sequential": {
      "init": 0.011999368667602539,
      "explain": 37.76053738594055,
      "total": 37.772536754608154
    },
    "threads": {
      "init": 0.01122903823852539,
      "explain": 96.11605072021484,
      "total": 96.12727975845337
    },
    "processes": {
      "init": 0.011777877807617188,
      "explain": 23.666985273361206,
      "total": 23.678763151168823
    },
    "joblib": {
      "init": 0.014025688171386719,
      "explain": 24.588289737701416,
      "total": 24.602315425872803
    }
  },
  "classification_instance": {
    "sequential": {
      "init": 0.014265060424804688,
      "explain": 37.15467596054077,
      "total": 37.168941020965576
    },
    "threads": {
      "init": 0.010389328002929688,
      "explain": 93.55882215499878,
      "total": 93.56921148300171
    },
    "processes": {
      "init": 0.012715339660644531,
      "explain": 24.08805823326111,
      "total": 24.100773572921753
    },
    "joblib": {
      "init": 0.007903814315795898,
      "explain": 27.788631916046143,
      "total": 27.79653573036194
    }
  },
  "regression_small": {
    "sequential": {
      "init": 0.010829925537109375,
      "explain": 8.450446605682373,
      "total": 8.461276531219482
    },
    "threads": {
      "init": 0.007668256759643555,
      "explain": 24.383452892303467,
      "total": 24.39112114906311
    },
    "processes": {
      "init": 0.00992131233215332,
      "explain": 10.993833065032959,
      "total": 11.003754377365112
    },
    "joblib": {
      "init": 0.0111083984375,
      "explain": 11.086499691009521,
      "total": 11.097608089447021
    }
  },
  "regression_feature": {
    "sequential": {
      "init": 0.013910531997680664,
      "explain": 41.31193137168884,
      "total": 41.32584190368652
    },
    "threads": {
      "init": 0.010178804397583008,
      "explain": 100.37721157073975,
      "total": 100.38739037513733
    },
    "processes": {
      "init": 0.009210824966430664,
      "explain": 20.75128149986267,
      "total": 20.7604923248291
    },
    "joblib": {
      "init": 0.013452529907226562,
      "explain": 22.670478343963623,
      "total": 22.68393087387085
    }
  },
  "regression_instance": {
    "sequential": {
      "init": 0.01539301872253418,
      "explain": 32.82478976249695,
      "total": 32.84018278121948
    },
    "threads": {
      "init": 0.007759809494018555,
      "explain": 96.80314016342163,
      "total": 96.81089997291565
    },
    "processes": {
      "init": 0.007444143295288086,
      "explain": 22.048295974731445,
      "total": 22.055740118026733
    },
    "joblib": {
      "init": 0.010645389556884766,
      "explain": 25.03736639022827,
      "total": 25.048011779785156
    }
  }
}
