{
  "meta": {
    "timestamp": 1765869650.228373,
    "platform": "posix",
    "cpu_count": 12,
    "workers": 6,
    "physical_cores": 6,
    "logical_cores": 12
  },
  "classification_small": {
    "sequential": 6.6598687171936035,
    "threads": 13.951909303665161,
    "processes": 4.112945079803467,
    "joblib": 43.0161657333374
  },
  "classification_feature": {
    "sequential": 33.614211082458496,
    "threads": 73.91676616668701,
    "processes": 32.4813346862793,
    "joblib": 34.58495020866394
  },
  "classification_instance": {
    "sequential": 59.533124923706055,
    "threads": 139.46924996376038,
    "processes": 62.71617412567139,
    "joblib": 22089.375923395157
  },
  "regression_small": {
    "sequential": 7.609094619750977,
    "threads": 9.849900722503662,
    "processes": 178.61595797538757,
    "joblib": 182.47039651870728
  },
  "regression_feature": {
    "sequential": 23.26167869567871,
    "threads": 47.91100287437439,
    "processes": 3964.5466890335083,
    "joblib": 5143.545131444931
  },
  "regression_instance": {
    "sequential": 47.323662757873535,
    "threads": 104.80135345458984,
    "processes": 18402.404946804047,
    "joblib": 19590.934319496155
  }
}