{
  "meta": {
    "timestamp": 1765753797.6360528,
    "platform": "posix",
    "cpu_count": 12,
    "workers": 6,
    "physical_cores": 6,
    "logical_cores": 12
  },
  "classification_small": {
    "sequential": 1.1327974796295166,
    "threads:instance": 1.0526561737060547,
    "processes:instance": 1.1225764751434326,
    "joblib:instance": 1.3261096477508545
  },
  "classification_feature": {
    "sequential": 5.115317106246948,
    "threads:instance": 4.983419895172119,
    "processes:instance": 5.5717926025390625,
    "joblib:instance": 4.865046977996826
  },
  "classification_instance": {
    "sequential": 8.76272988319397,
    "threads:instance": 19.55629587173462,
    "processes:instance": 3.4671573638916016,
    "joblib:instance": 18.166992664337158
  },
  "regression_small": {
    "sequential": 0.8531098365783691,
    "threads:instance": 0.8707907199859619,
    "processes:instance": 0.8010678291320801,
    "joblib:instance": 1.209207534790039
  },
  "regression_feature": {
    "sequential": 4.595021724700928,
    "threads:instance": 4.228187799453735,
    "processes:instance": 4.18918251991272,
    "joblib:instance": 4.404909372329712
  },
  "regression_instance": {
    "sequential": 8.200965404510498,
    "threads:instance": 19.87993288040161,
    "processes:instance": 3.755711555480957,
    "joblib:instance": 5.420508861541748
  }
}
