{
  "meta": {
    "timestamp": 1766183662.9919622,
    "platform": "nt",
    "cpu_count": 12,
    "workers": 6,
    "physical_cores": 6,
    "logical_cores": 12
  },
  "classification_small": {
    "sequential": {
      "init": 0.01564788818359375,
      "explain": 9.003291606903076,
      "total": 9.01893949508667
    },
    "threads": {
      "init": 0.013536453247070312,
      "explain": 19.17523169517517,
      "total": 19.18876814842224
    },
    "processes": {
      "init": 0.010875940322875977,
      "explain": 10.459401369094849,
      "total": 10.470277309417725
    },
    "joblib": {
      "init": 0.010618209838867188,
      "explain": 10.032108068466187,
      "total": 10.042726278305054
    }
  },
  "classification_feature": {
    "sequential": {
      "init": 0.013893842697143555,
      "explain": 35.154043436050415,
      "total": 35.16793727874756
    },
    "threads": {
      "init": 0.009793996810913086,
      "explain": 91.18621397018433,
      "total": 91.19600796699524
    },
    "processes": {
      "init": 0.01221919059753418,
      "explain": 27.400959730148315,
      "total": 27.41317892074585
    },
    "joblib": {
      "init": 0.01084589958190918,
      "explain": 25.09180760383606,
      "total": 25.10265350341797
    }
  },
  "classification_instance": {
    "sequential": {
      "init": 0.010660171508789062,
      "explain": 39.03608965873718,
      "total": 39.04674983024597
    },
    "threads": {
      "init": 0.011981487274169922,
      "explain": 110.37860083580017,
      "total": 110.39058232307434
    },
    "processes": {
      "init": 0.013182401657104492,
      "explain": 31.874635934829712,
      "total": 31.887818336486816
    },
    "joblib": {
      "init": 0.018036365509033203,
      "explain": 32.054757595062256,
      "total": 32.07279396057129
    }
  },
  "regression_small": {
    "sequential": {
      "init": 0.04228091239929199,
      "explain": 10.710584878921509,
      "total": 10.7528657913208
    },
    "threads": {
      "init": 0.009595870971679688,
      "explain": 23.62315607070923,
      "total": 23.632751941680908
    },
    "processes": {
      "init": 0.00943899154663086,
      "explain": 12.779701709747314,
      "total": 12.789140701293945
    },
    "joblib": {
      "init": 0.009472370147705078,
      "explain": 13.893762826919556,
      "total": 13.90323519706726
    }
  },
  "regression_feature": {
    "sequential": {
      "init": 0.019984722137451172,
      "explain": 41.04398965835571,
      "total": 41.063974380493164
    },
    "threads": {
      "init": 0.007655620574951172,
      "explain": 103.56913375854492,
      "total": 103.57678937911987
    },
    "processes": {
      "init": 0.016118526458740234,
      "explain": 29.221194982528687,
      "total": 29.237313508987427
    },
    "joblib": {
      "init": 0.013854503631591797,
      "explain": 27.294606685638428,
      "total": 27.30846118927002
    }
  },
  "regression_instance": {
    "sequential": {
      "init": 0.01261281967163086,
      "explain": 42.9211311340332,
      "total": 42.933743953704834
    },
    "threads": {
      "init": 0.009317636489868164,
      "explain": 118.88815021514893,
      "total": 118.8974678516388
    },
    "processes": {
      "init": 0.013077735900878906,
      "explain": 24.790327310562134,
      "total": 24.803405046463013
    },
    "joblib": {
      "init": 0.012767791748046875,
      "explain": 28.056297540664673,
      "total": 28.06906533241272
    }
  }
}