{
  "meta": {
    "timestamp": 1765871912.2565947,
    "platform": "posix",
    "cpu_count": 12,
    "workers": 6,
    "physical_cores": 6,
    "logical_cores": 12
  },
  "classification_small": {
    "sequential": 6.340107202529907,
    "threads": 12.135370254516602,
    "processes": 2.9438140392303467,
    "joblib": 18.952178955078125
  },
  "classification_feature": {
    "sequential": 28.626837253570557,
    "threads": 60.00135850906372,
    "processes": 14.634300231933594,
    "joblib": 25.098886489868164
  },
  "classification_instance": {
    "sequential": 56.555641651153564,
    "threads": 128.02147769927979,
    "processes": 31.401428699493408,
    "joblib": 42.802226543426514
  },
  "regression_small": {
    "sequential": 5.548893690109253,
    "threads": 11.943594217300415,
    "processes": 3.3649473190307617,
    "joblib": 3.292712926864624
  },
  "regression_feature": {
    "sequential": 32.7356162071228,
    "threads": 66.26797032356262,
    "processes": 14.442328453063965,
    "joblib": 21.53701877593994
  },
  "regression_instance": {
    "sequential": 59.74869704246521,
    "threads": 124.33370423316956,
    "processes": 31.514123916625977,
    "joblib": 38.206024408340454
  }
}