{
  "meta": {
    "timestamp": 1764072990.5890362,
    "platform": "nt",
    "cpu_count": 12
  },
  "classification": {
    "sequential": 2.7234444618225098,
    "threads": 2.3428516387939453,
    "processes": 2.4375157356262207,
    "joblib": 2.365424394607544
  },
  "regression": {
    "sequential": 2.64878249168396,
    "threads": 2.3833470344543457,
    "processes": 2.3432772159576416,
    "joblib": 2.587663173675537
  }
}