{
  "meta": {
    "timestamp": 1768800884.278669,
    "platform": "nt",
    "cpu_count": 12,
    "workers": 6,
    "instance_chunk_size": 50
  },
  "classification_small": {
    "legacy": {
      "init": 0.0654611587524414,
      "explain": 201.15627455711365,
      "total": 201.2217357158661
    },
    "sequential": {
      "init": 0.017936229705810547,
      "explain": 5.6209940910339355,
      "total": 5.638930320739746
    },
    "instance_parallel": {
      "init": 0.010751724243164062,
      "explain": 12.9743971824646,
      "total": 12.985148906707764
    },
    "caching": {
      "init": 0.01552271842956543,
      "explain": 5.554217100143433,
      "total": 5.569739818572998
    },
    "fast_filtering": {
      "init": 0.007965087890625,
      "explain": 3.870044708251953,
      "total": 3.878009796142578
    }
  },
  "classification_feature": {
    "legacy": {
      "init": 0.009899139404296875,
      "explain": 7788.158118724823,
      "total": 7788.168017864227
    },
    "sequential": {
      "init": 0.006895780563354492,
      "explain": 32.20859336853027,
      "total": 32.21548914909363
    },
    "instance_parallel": {
      "init": 0.01184844970703125,
      "explain": 72.20270895957947,
      "total": 72.2145574092865
    },
    "caching": {
      "init": 0.01844620704650879,
      "explain": 27.37506937980652,
      "total": 27.393515586853027
    },
    "fast_filtering": {
      "init": 0.0,
      "explain": 9.354937076568604,
      "total": 9.354937076568604
    }
  },
  "classification_instance": {
    "legacy": {
      "init": 0.016782283782958984,
      "explain": 5131.928143501282,
      "total": 5131.944925785065
    },
    "sequential": {
      "init": 0.0139923095703125,
      "explain": 31.523741960525513,
      "total": 31.537734270095825
    },
    "instance_parallel": {
      "init": 0.006994009017944336,
      "explain": 84.56822562217712,
      "total": 84.57521963119507
    },
    "caching": {
      "init": 0.00799560546875,
      "explain": 38.13254404067993,
      "total": 38.14053964614868
    },
    "fast_filtering": {
      "init": 0.007258415222167969,
      "explain": 26.130234956741333,
      "total": 26.1374933719635
    }
  },
  "regression_small": {
    "legacy": {
      "init": 0.012049674987792969,
      "explain": 318.7373242378235,
      "total": 318.7493739128113
    },
    "sequential": {
      "init": 0.012150287628173828,
      "explain": 8.680308103561401,
      "total": 8.692458391189575
    },
    "instance_parallel": {
      "init": 0.011602401733398438,
      "explain": 19.226656913757324,
      "total": 19.238259315490723
    },
    "caching": {
      "init": 0.008001089096069336,
      "explain": 8.152852535247803,
      "total": 8.160853624343872
    },
    "fast_filtering": {
      "init": 0.010162830352783203,
      "explain": 4.259208917617798,
      "total": 4.269371747970581
    }
  },
  "regression_feature": {
    "legacy": {
      "init": 0.007956981658935547,
      "explain": 4775.4505887031555,
      "total": 4775.458545684814
    },
    "sequential": {
      "init": 0.008146524429321289,
      "explain": 26.19865083694458,
      "total": 26.2067973613739
    },
    "instance_parallel": {
      "init": 0.007279634475708008,
      "explain": 79.42733597755432,
      "total": 79.43461561203003
    },
    "caching": {
      "init": 0.009258031845092773,
      "explain": 26.848408699035645,
      "total": 26.857666730880737
    },
    "fast_filtering": {
      "init": 0.006930112838745117,
      "explain": 7.6348912715911865,
      "total": 7.641821384429932
    }
  },
  "regression_instance": {
    "legacy": {
      "init": 0.00767207145690918,
      "explain": 5559.469092607498,
      "total": 5559.476764678955
    },
    "sequential": {
      "init": 0.00964498519897461,
      "explain": 32.8921799659729,
      "total": 32.901824951171875
    },
    "instance_parallel": {
      "init": 0.007520198822021484,
      "explain": 84.58767867088318,
      "total": 84.5951988697052
    },
    "caching": {
      "init": 0.007003307342529297,
      "explain": 28.699702262878418,
      "total": 28.706705570220947
    },
    "fast_filtering": {
      "init": 0.00799250602722168,
      "explain": 13.931567907333374,
      "total": 13.939560413360596
    }
  }
}
