{
  "meta": {
    "timestamp": 1766181039.814697,
    "platform": "nt",
    "cpu_count": 12,
    "workers": 6,
    "instance_chunk_size": 50
  },
  "classification_small": {
    "legacy": {
      "init": 0.6949586868286133,
      "explain": 254.9319577217102,
      "total": 255.62691640853882
    },
    "sequential": {
      "init": 0.01824474334716797,
      "explain": 11.024157285690308,
      "total": 11.042402029037476
    },
    "instance_parallel": {
      "init": 0.015216827392578125,
      "explain": 21.579089641571045,
      "total": 21.594306468963623
    },
    "caching": {
      "init": 0.014132499694824219,
      "explain": 8.779968500137329,
      "total": 8.794100999832153
    },
    "fast_filtering": {
      "init": 0.014136314392089844,
      "explain": 2.8780505657196045,
      "total": 2.8921868801116943
    }
  },
  "classification_feature": {
    "legacy": {
      "init": 0.010505199432373047,
      "explain": 5766.580434083939,
      "total": 5766.590939283371
    },
    "sequential": {
      "init": 0.03022933006286621,
      "explain": 30.2273850440979,
      "total": 30.257614374160767
    },
    "instance_parallel": {
      "init": 0.01432037353515625,
      "explain": 84.47590613365173,
      "total": 84.49022650718689
    },
    "caching": {
      "init": 0.008011341094970703,
      "explain": 30.13771939277649,
      "total": 30.14573073387146
    },
    "fast_filtering": {
      "init": 0.010704278945922852,
      "explain": 6.533923864364624,
      "total": 6.544628143310547
    }
  },
  "classification_instance": {
    "legacy": {
      "init": 0.010084152221679688,
      "explain": 5528.776731014252,
      "total": 5528.786815166473
    },
    "sequential": {
      "init": 0.02876114845275879,
      "explain": 29.976478338241577,
      "total": 30.005239486694336
    },
    "instance_parallel": {
      "init": 0.009162187576293945,
      "explain": 94.52632403373718,
      "total": 94.53548622131348
    },
    "caching": {
      "init": 0.012646913528442383,
      "explain": 33.978166818618774,
      "total": 33.99081373214722
    },
    "fast_filtering": {
      "init": 0.012888669967651367,
      "explain": 11.371330261230469,
      "total": 11.38421893119812
    }
  },
  "regression_small": {
    "legacy": {
      "init": 0.012626886367797852,
      "explain": 281.80326080322266,
      "total": 281.81588768959045
    },
    "sequential": {
      "init": 0.011757135391235352,
      "explain": 6.262805223464966,
      "total": 6.274562358856201
    },
    "instance_parallel": {
      "init": 0.007211446762084961,
      "explain": 21.15878438949585,
      "total": 21.165995836257935
    },
    "caching": {
      "init": 0.009565353393554688,
      "explain": 7.0498809814453125,
      "total": 7.059446334838867
    },
    "fast_filtering": {
      "init": 0.007801532745361328,
      "explain": 3.2240350246429443,
      "total": 3.2318365573883057
    }
  },
  "regression_feature": {
    "legacy": {
      "init": 0.009462833404541016,
      "explain": 5558.4259667396545,
      "total": 5558.435429573059
    },
    "sequential": {
      "init": 0.04699420928955078,
      "explain": 35.02632737159729,
      "total": 35.07332158088684
    },
    "instance_parallel": {
      "init": 0.011468648910522461,
      "explain": 102.53888511657715,
      "total": 102.55035376548767
    },
    "caching": {
      "init": 0.012824773788452148,
      "explain": 32.54709601402283,
      "total": 32.55992078781128
    },
    "fast_filtering": {
      "init": 0.007863044738769531,
      "explain": 7.74406886100769,
      "total": 7.75193190574646
    }
  },
  "regression_instance": {
    "legacy": {
      "init": 0.0068128108978271484,
      "explain": 5630.722167015076,
      "total": 5630.7289798259735
    },
    "sequential": {
      "init": 0.02749013900756836,
      "explain": 35.61010432243347,
      "total": 35.63759446144104
    },
    "instance_parallel": {
      "init": 0.008008003234863281,
      "explain": 100.16626071929932,
      "total": 100.17426872253418
    },
    "caching": {
      "init": 0.00888514518737793,
      "explain": 35.65345072746277,
      "total": 35.66233587265015
    },
    "fast_filtering": {
      "init": 0.011754512786865234,
      "explain": 13.917375087738037,
      "total": 13.929129600524902
    }
  }
}