{
  "meta": {
    "timestamp": 1766334278.0030282,
    "platform": "nt",
    "cpu_count": 12
  },
  "classification_small": {
    "sequential": {
      "init": 0.13587331771850586,
      "explain": 0.6808104515075684,
      "total": 0.8166837692260742
    },
    "fast_filtering": {
      "init": 0.01474761962890625,
      "explain": 0.47481465339660645,
      "total": 0.4895622730255127
    },
    "lime": {
      "init": 0.01513051986694336,
      "explain": 1.678764820098877,
      "total": 1.6938953399658203
    },
    "shap": {
      "init": 0.0035462379455566406,
      "explain": 0.051544904708862305,
      "total": 0.055091142654418945
    },
    "lime_calibrated": {
      "init": 0.02967071533203125,
      "explain": 1.8256969451904297,
      "total": 1.855367660522461
    },
    "shap_calibrated": {
      "init": 0.00992894172668457,
      "explain": 10.84013295173645,
      "total": 10.850061893463135
    }
  },
  "classification_feature": {
    "sequential": {
      "init": 0.0068209171295166016,
      "explain": 2.6595211029052734,
      "total": 2.66634202003479
    },
    "fast_filtering": {
      "init": 0.008361101150512695,
      "explain": 1.2012939453125,
      "total": 1.2096550464630127
    },
    "lime": {
      "init": 0.06264400482177734,
      "explain": 5.560723066329956,
      "total": 5.623367071151733
    },
    "shap": {
      "init": 0.0,
      "explain": 0.04895901679992676,
      "total": 0.04895901679992676
    },
    "lime_calibrated": {
      "init": 0.06931757926940918,
      "explain": 5.567036151885986,
      "total": 5.6363537311553955
    },
    "shap_calibrated": {
      "init": 0.00876164436340332,
      "explain": 19.24919867515564,
      "total": 19.257960319519043
    }
  },
  "classification_instance": {
    "sequential": {
      "init": 0.009911537170410156,
      "explain": 2.501094341278076,
      "total": 2.5110058784484863
    },
    "fast_filtering": {
      "init": 0.008255481719970703,
      "explain": 1.5022859573364258,
      "total": 1.5105414390563965
    },
    "lime": {
      "init": 0.025046586990356445,
      "explain": 7.198337078094482,
      "total": 7.223383665084839
    },
    "shap": {
      "init": 0.0,
      "explain": 0.6482515335083008,
      "total": 0.6482515335083008
    },
    "lime_calibrated": {
      "init": 0.03799009323120117,
      "explain": 8.024609327316284,
      "total": 8.062599420547485
    },
    "shap_calibrated": {
      "init": 0.009472370147705078,
      "explain": 60.82790422439575,
      "total": 60.83737659454346
    }
  },
  "regression_small": {
    "sequential": {
      "init": 0.011111259460449219,
      "explain": 0.6056487560272217,
      "total": 0.6167600154876709
    },
    "fast_filtering": {
      "init": 0.0028116703033447266,
      "explain": 0.4519317150115967,
      "total": 0.4547433853149414
    },
    "lime": {
      "init": 0.01374363899230957,
      "explain": 1.547126054763794,
      "total": 1.5608696937561035
    },
    "shap": {
      "init": 0.0015554428100585938,
      "explain": 0.3296539783477783,
      "total": 0.3312094211578369
    },
    "lime_calibrated": {
      "init": 0.02882862091064453,
      "explain": 1.7111687660217285,
      "total": 1.739997386932373
    },
    "shap_calibrated": {
      "init": 0.01163172721862793,
      "explain": 43.22536563873291,
      "total": 43.23699736595154
    }
  },
  "regression_feature": {
    "sequential": {
      "init": 0.008133172988891602,
      "explain": 3.014394998550415,
      "total": 3.0225281715393066
    },
    "fast_filtering": {
      "init": 0.008204460144042969,
      "explain": 1.1324501037597656,
      "total": 1.1406545639038086
    },
    "lime": {
      "init": 0.06727743148803711,
      "explain": 5.884045600891113,
      "total": 5.95132303237915
    },
    "shap": {
      "init": 0.0020329952239990234,
      "explain": 0.46476197242736816,
      "total": 0.4667949676513672
    },
    "lime_calibrated": {
      "init": 0.07639026641845703,
      "explain": 5.889237403869629,
      "total": 5.965627670288086
    },
    "shap_calibrated": {
      "init": 0.011266231536865234,
      "explain": 61.837422132492065,
      "total": 61.84868836402893
    }
  },
  "regression_instance": {
    "sequential": {
      "init": 0.007826566696166992,
      "explain": 2.827317714691162,
      "total": 2.835144281387329
    },
    "fast_filtering": {
      "init": 0.007364511489868164,
      "explain": 1.8944017887115479,
      "total": 1.901766300201416
    },
    "lime": {
      "init": 0.031206846237182617,
      "explain": 7.76082181930542,
      "total": 7.7920286655426025
    },
    "shap": {
      "init": 0.0036792755126953125,
      "explain": 5.319944620132446,
      "total": 5.323623895645142
    },
    "lime_calibrated": {
      "init": 0.03533482551574707,
      "explain": 9.089221000671387,
      "total": 9.124555826187134
    },
    "shap_calibrated": {
      "init": 0.010509252548217773,
      "explain": 230.64758682250977,
      "total": 230.65809607505798
    }
  }
}
