{
  "meta": {
    "timestamp": 1768800872.5107718,
    "platform": "nt",
    "cpu_count": 12
  },
  "classification_small": {
    "sequential": {
      "init": 0.02228713035583496,
      "explain": 0.5401208400726318,
      "total": 0.5624079704284668
    },
    "fast_filtering": {
      "init": 0.007992029190063477,
      "explain": 0.5722119808197021,
      "total": 0.5802040100097656
    },
    "lime": {
      "init": 0.016746044158935547,
      "explain": 1.4073021411895752,
      "total": 1.4240481853485107
    },
    "shap": {
      "init": 0.0,
      "explain": 0.036515235900878906,
      "total": 0.036515235900878906
    },
    "lime_calibrated": {
      "init": 0.018800973892211914,
      "explain": 1.3831923007965088,
      "total": 1.4019932746887207
    },
    "shap_calibrated": {
      "init": 0.010467767715454102,
      "explain": 9.67695927619934,
      "total": 9.687427043914795
    }
  },
  "classification_feature": {
    "sequential": {
      "init": 0.019917964935302734,
      "explain": 2.846259117126465,
      "total": 2.8661770820617676
    },
    "fast_filtering": {
      "init": 0.0,
      "explain": 1.795616626739502,
      "total": 1.795616626739502
    },
    "lime": {
      "init": 0.0699300765991211,
      "explain": 5.849902391433716,
      "total": 5.919832468032837
    },
    "shap": {
      "init": 0.0,
      "explain": 0.04990434646606445,
      "total": 0.04990434646606445
    },
    "lime_calibrated": {
      "init": 0.06779098510742188,
      "explain": 5.832141160964966,
      "total": 5.899932146072388
    },
    "shap_calibrated": {
      "init": 0.010448455810546875,
      "explain": 18.97969126701355,
      "total": 18.990139722824097
    }
  },
  "classification_instance": {
    "sequential": {
      "init": 0.00878453254699707,
      "explain": 3.0909721851348877,
      "total": 3.0997567176818848
    },
    "fast_filtering": {
      "init": 0.017589330673217773,
      "explain": 2.9440836906433105,
      "total": 2.9616730213165283
    },
    "lime": {
      "init": 0.03938746452331543,
      "explain": 8.814856052398682,
      "total": 8.854243516921997
    },
    "shap": {
      "init": 0.01037454605102539,
      "explain": 0.8026406764984131,
      "total": 0.8130152225494385
    },
    "lime_calibrated": {
      "init": 0.05194282531738281,
      "explain": 8.171868085861206,
      "total": 8.223810911178589
    },
    "shap_calibrated": {
      "init": 0.010876655578613281,
      "explain": 63.77763891220093,
      "total": 63.78851556777954
    }
  },
  "regression_small": {
    "sequential": {
      "init": 0.010284662246704102,
      "explain": 0.6030099391937256,
      "total": 0.6132946014404297
    },
    "fast_filtering": {
      "init": 0.0,
      "explain": 0.7343673706054688,
      "total": 0.7343673706054688
    },
    "lime": {
      "init": 0.0010066032409667969,
      "explain": 1.6435377597808838,
      "total": 1.6445443630218506
    },
    "shap": {
      "init": 0.0,
      "explain": 0.38549375534057617,
      "total": 0.38549375534057617
    },
    "lime_calibrated": {
      "init": 0.022867918014526367,
      "explain": 1.7753164768218994,
      "total": 1.7981843948364258
    },
    "shap_calibrated": {
      "init": 0.006262540817260742,
      "explain": 44.49388527870178,
      "total": 44.50014781951904
    }
  },
  "regression_feature": {
    "sequential": {
      "init": 0.004069805145263672,
      "explain": 3.118734359741211,
      "total": 3.1228041648864746
    },
    "fast_filtering": {
      "init": 0.005472898483276367,
      "explain": 1.4735972881317139,
      "total": 1.4790701866149902
    },
    "lime": {
      "init": 0.06970834732055664,
      "explain": 5.7982964515686035,
      "total": 5.86800479888916
    },
    "shap": {
      "init": 0.001560211181640625,
      "explain": 0.4818410873413086,
      "total": 0.4834012985229492
    },
    "lime_calibrated": {
      "init": 0.07916140556335449,
      "explain": 5.871434450149536,
      "total": 5.950595855712891
    },
    "shap_calibrated": {
      "init": 0.015606164932250977,
      "explain": 52.35474634170532,
      "total": 52.37035250663757
    }
  },
  "regression_instance": {
    "sequential": {
      "init": 0.01664566993713379,
      "explain": 3.0359930992126465,
      "total": 3.0526387691497803
    },
    "fast_filtering": {
      "init": 0.007550239562988281,
      "explain": 2.345209836959839,
      "total": 2.352760076522827
    },
    "lime": {
      "init": 0.029738426208496094,
      "explain": 8.079941511154175,
      "total": 8.109679937362671
    },
    "shap": {
      "init": 0.009897708892822266,
      "explain": 5.317724227905273,
      "total": 5.327621936798096
    },
    "lime_calibrated": {
      "init": 0.03963947296142578,
      "explain": 8.804731845855713,
      "total": 8.844371318817139
    },
    "shap_calibrated": {
      "init": 0.01260232925415039,
      "explain": 248.26654505729675,
      "total": 248.2791473865509
    }
  }
}
