model,density_quartile,nonempty_rate,feature_retention,rule_retention,violation_rate,mean_rules
logreg,Q1_dense,1.0,1.0,0.1380952380952381,0.0625,2.0
logreg,Q2,1.0,1.0,0.1380952380952381,0.0625,2.0
logreg,Q3,1.0,1.0,0.1380952380952381,0.125,2.0
logreg,Q4_sparse,0.875,0.6875,0.09523809523809523,0.0625,1.375
rf,Q1_dense,1.0,1.0,0.1380952380952381,0.0625,2.0
rf,Q2,1.0,1.0,0.1380952380952381,0.0625,2.0
rf,Q3,1.0,0.9375,0.12916666666666665,0.125,1.875
rf,Q4_sparse,0.875,0.6875,0.09464285714285714,0.0625,1.375
