{"import_time_seconds": 0.6252188000362366, "map": {"sequential_s": 0.0018094000406563282, "parallel_s": 0.03614189999643713}, "classification": {"explain_factual_time_s": 0.20194219995755702, "explore_alternatives_time_s": 0.310344299999997}, "regression": {"explain_factual_time_s": 0.059032400022260845, "explore_alternatives_time_s": 0.13047189998906106}, "timestamp": "2025-10-27T13:18:36Z"}
