{
  "classification": {
    "fit": {
      "min": 0.0691410000436008,
      "max": 0.0691410000436008,
      "mean": 0.0691410000436008,
      "median": 0.0691410000436008,
      "stdev": 0.0,
      "samples": [
        0.0691410000436008
      ]
    },
    "calibrate": {
      "min": 0.003979099914431572,
      "max": 0.003979099914431572,
      "mean": 0.003979099914431572,
      "median": 0.003979099914431572,
      "stdev": 0.0,
      "samples": [
        0.003979099914431572
      ]
    },
    "predict": {
      "min": 0.0022188001312315464,
      "max": 0.0025241002440452576,
      "mean": 0.00240318002179265,
      "median": 0.002430099993944168,
      "stdev": 0.000106427386204036,
      "samples": [
        0.0023638997226953506,
        0.0022188001312315464,
        0.002430099993944168,
        0.0024790000170469284,
        0.0025241002440452576
      ]
    }
  },
  "regression": {
    "fit": {
      "min": 0.09702980006113648,
      "max": 0.09702980006113648,
      "mean": 0.09702980006113648,
      "median": 0.09702980006113648,
      "stdev": 0.0,
      "samples": [
        0.09702980006113648
      ]
    },
    "calibrate": {
      "min": 0.0036371001042425632,
      "max": 0.0036371001042425632,
      "mean": 0.0036371001042425632,
      "median": 0.0036371001042425632,
      "stdev": 0.0,
      "samples": [
        0.0036371001042425632
      ]
    },
    "predict": {
      "min": 0.0031670997850596905,
      "max": 0.00384820019826293,
      "mean": 0.003337220009416342,
      "median": 0.00324380025267601,
      "stdev": 0.00025825116588893126,
      "samples": [
        0.003258700016885996,
        0.0031682997941970825,
        0.00384820019826293,
        0.00324380025267601,
        0.0031670997850596905
      ]
    }
  },
  "timestamp": "2025-08-16T06:44:46Z"
}